{
    "dataset_size": 211225,
    "unique_emotions": 28,
    "avg_text_length": 65.8602674872766,
    "emotion_distribution": {
        "neutral": 55298,
        "approval": 17620,
        "admiration": 17131,
        "annoyance": 13618,
        "gratitude": 11625,
        "disapproval": 11424,
        "curiosity": 9692,
        "amusement": 9245,
        "realization": 8785,
        "optimism": 8715,
        "disappointment": 8469,
        "love": 8191,
        "anger": 8084,
        "joy": 7983,
        "confusion": 7359,
        "sadness": 6758,
        "caring": 5999,
        "excitement": 5629,
        "surprise": 5514,
        "disgust": 5301,
        "desire": 3817,
        "fear": 3197,
        "remorse": 2525,
        "embarrassment": 2476,
        "nervousness": 1810,
        "pride": 1302,
        "relief": 1289,
        "grief": 673
    },
    "text_length_stats": {
        "count": 211225.0,
        "mean": 65.8602674872766,
        "std": 35.33356375917061,
        "min": 0.0,
        "25%": 36.0,
        "50%": 63.0,
        "75%": 92.0,
        "max": 397.0
    },
    "emotion_count_stats": {
        "count": 211225.0,
        "mean": 1.1813421706710854,
        "std": 0.4987574488639641,
        "min": 0.0,
        "25%": 1.0,
        "50%": 1.0,
        "75%": 1.0,
        "max": 12.0
    },
    "metadata": {
        "subreddits": 483,
        "authors": 49178,
        "unclear_examples": 3411
    }
}